<?xml version="1.0" encoding="UTF-8" standalone="yes"?>
<addon id="plugin.video.mylivetv" name="MyLiveTV" version="0.0.3" provider-name="10rdh31mch3n">
  <requires>
    <!--import addon="xbmc.python" version="2.1.0"/-->
    <import addon="script.module.dateutil" />
    <import addon="script.module.six" />
  </requires>
  <extension point="xbmc.python.pluginsource" library="default.py">
    <provides>video</provides>
  </extension>
  <extension point="xbmc.addon.metadata">
    <summary lang="en">My Live TV</summary>
    <description lang="en">iStreams from 2ix2 and livetv</description>
    <disclaimer lang="en">All the streams on this add-on are hosted on the third party site and uploaded by other people. We are not responsible for any content that hosted on on the third-party sites. If you have any legal issues please contact appropriate video owners hosters.</disclaimer>
	  <language>EN</language>
    <license>GNU GPL, version 2</license>
    <news>
      - added freeviplive b4ucast parser
    </news>

    <assets>
      <icon>icon.png</icon>
      <fanart>fanart.jpg</fanart>
    </assets>
  </extension>
</addon>
